metric,classification,unit,contender,median_of_run_medians,min_run_median,max_run_median,run_1_median,run_2_median,run_3_median,run_1_p95,run_2_p95,run_3_p95
server_startup_ready,core,ms,uniterm,8.2336615,8.0924735,8.761942999999999,8.761942999999999,8.0924735,8.2336615,9.64713285,8.7666781,9.420052649999999
server_startup_ready,core,ms,herdr,44.853382499999995,44.429833,47.8755635,47.8755635,44.429833,44.853382499999995,50.00698655,50.69894995,49.36216365
server_startup_ready,core,ms,tmux,15.4864055,14.8738535,16.1115455,16.1115455,14.8738535,15.4864055,17.665660150000004,15.6928304,16.28995025
control_command_latency,core,ms,uniterm,1.3475320000000002,1.2649629999999998,1.429746,1.429746,1.3475320000000002,1.2649629999999998,2.102167249999999,1.7813881499999995,1.6559297499999999
control_command_latency,core,ms,herdr,3.5256019999999997,3.4145405,3.537942,3.537942,3.4145405,3.5256019999999997,4.3089064,3.9544669,4.4493407000000005
control_command_latency,core,ms,tmux,2.1806324999999998,2.0926299999999998,2.2270085,2.1806324999999998,2.2270085,2.0926299999999998,2.6982830499999997,3.0526894999999987,2.4047793499999996
daemon_idle_cohort_cpu,core,% core,uniterm,0.0,0.0,0.0,0.0,0.0,0.0,0.0,0.0,0.0
daemon_idle_cohort_cpu,core,% core,herdr,0.2566463718774482,0.24998165956391843,0.2633138622869756,0.24998165956391843,0.2633138622869756,0.2566463718774482,0.24998165956391843,0.2633138622869756,0.2566463718774482
daemon_idle_cohort_cpu,core,% core,tmux,0.0,0.0,0.0,0.0,0.0,0.0,0.0,0.0,0.0
daemon_idle_cohort_rss,core,KiB,uniterm,11460.0,11304.0,11532.0,11532.0,11304.0,11460.0,11532.0,11304.0,11460.0
daemon_idle_cohort_rss,core,KiB,herdr,24664.0,24500.0,24860.0,24500.0,24664.0,24860.0,24500.0,24664.0,24860.0
daemon_idle_cohort_rss,core,KiB,tmux,10832.0,10828.0,10912.0,10912.0,10828.0,10832.0,10912.0,10828.0,10832.0
foreground_idle_cohort_cpu,core,% core,uniterm,0.0,0.0,0.0,0.0,0.0,0.0,0.0,0.0,0.0
foreground_idle_cohort_cpu,core,% core,herdr,0.4266353760321874,0.4266351450446849,0.4399674704404481,0.4266353760321874,0.4266351450446849,0.4399674704404481,0.4266353760321874,0.4266351450446849,0.4399674704404481
foreground_idle_cohort_cpu,core,% core,tmux,0.0033330972764291475,0.003333092852939385,0.006666193380269056,0.0033330972764291475,0.003333092852939385,0.006666193380269056,0.0033330972764291475,0.003333092852939385,0.006666193380269056
foreground_idle_cohort_rss,core,KiB,uniterm,16148.0,16008.0,16168.0,16148.0,16008.0,16168.0,16148.0,16008.0,16168.0
foreground_idle_cohort_rss,core,KiB,herdr,39372.0,39256.0,39408.0,39256.0,39372.0,39408.0,39256.0,39372.0,39408.0
foreground_idle_cohort_rss,core,KiB,tmux,17372.0,17320.0,17524.0,17320.0,17372.0,17524.0,17320.0,17372.0,17524.0
terminal_input_to_visible,core,ms,uniterm,2.0809265,2.0784905,2.0931189999999997,2.0931189999999997,2.0809265,2.0784905,2.10869805,2.0956083999999997,2.1118002000000002
terminal_input_to_visible,core,ms,herdr,8.305759,8.305705500000002,8.31517,8.305705500000002,8.31517,8.305759,10.341887400000001,10.3422672,10.38864615
terminal_input_to_visible,core,ms,tmux,2.08866,2.0851165000000003,2.089024,2.0851165000000003,2.08866,2.089024,2.0898275,2.09953465,2.09950605
terminal_output_completion,core,ms,uniterm,392.524308,390.58281,398.38608250000004,392.524308,398.38608250000004,390.58281,410.0394829,413.57357715,401.91166594999993
terminal_output_completion,core,ms,herdr,372.6516515,371.627409,373.80062449999997,372.6516515,371.627409,373.80062449999997,388.12307380000004,397.55307304999997,404.85637105
terminal_output_completion,core,ms,tmux,391.01365150000004,382.75816199999997,395.7590305,391.01365150000004,382.75816199999997,395.7590305,441.96756294999994,437.4879248499999,452.6210304499999
binary_size,context,bytes,uniterm,5917032.0,5917032.0,5917032.0,5917032.0,5917032.0,5917032.0,5917032.0,5917032.0,5917032.0
binary_size,context,bytes,herdr,24535224.0,24535224.0,24535224.0,24535224.0,24535224.0,24535224.0,24535224.0,24535224.0,24535224.0
binary_size,context,bytes,tmux,1411088.0,1411088.0,1411088.0,1411088.0,1411088.0,1411088.0,1411088.0,1411088.0,1411088.0
client_render_output,context,bytes,uniterm,56818.0,56788.0,56837.5,56788.0,56837.5,56818.0,57067.2,68011.79999999997,63525.599999999984
client_render_output,context,bytes,herdr,19067.0,18877.0,19227.5,19067.0,19227.5,18877.0,20803.35,21642.35,21495.1
client_render_output,context,bytes,tmux,2350408.5,2267529.5,2381661.5,2381661.5,2267529.5,2350408.5,2783418.999999999,2356842.5,2485493.55
daemon_idle_root_cpu,context,% core,uniterm,0.0,0.0,0.0,0.0,0.0,0.0,0.0,0.0,0.0
daemon_idle_root_cpu,context,% core,herdr,0.2566463718774482,0.24998165956391843,0.2633138622869756,0.24998165956391843,0.2633138622869756,0.2566463718774482,0.24998165956391843,0.2633138622869756,0.2566463718774482
daemon_idle_root_cpu,context,% core,tmux,0.0,0.0,0.0,0.0,0.0,0.0,0.0,0.0,0.0
daemon_idle_root_rss,context,KiB,uniterm,7108.0,6908.0,7132.0,7132.0,6908.0,7108.0,7132.0,6908.0,7108.0
daemon_idle_root_rss,context,KiB,herdr,20256.0,20036.0,20380.0,20036.0,20256.0,20380.0,20036.0,20256.0,20380.0
daemon_idle_root_rss,context,KiB,tmux,6428.0,6424.0,6452.0,6428.0,6424.0,6452.0,6428.0,6424.0,6452.0
foreground_idle_root_cpu,context,% core,uniterm,0.0,0.0,0.0,0.0,0.0,0.0,0.0,0.0,0.0
foreground_idle_root_cpu,context,% core,herdr,0.4266353760321874,0.42663514504468497,0.4399674704404481,0.4266353760321874,0.42663514504468497,0.4399674704404481,0.4266353760321874,0.42663514504468497,0.4399674704404481
foreground_idle_root_cpu,context,% core,tmux,0.0033330972764291523,0.003333092852939385,0.006666193380269056,0.0033330972764291523,0.003333092852939385,0.006666193380269056,0.0033330972764291523,0.003333092852939385,0.006666193380269056
foreground_idle_root_rss,context,KiB,uniterm,11720.0,11584.0,11724.0,11720.0,11584.0,11724.0,11720.0,11584.0,11724.0
foreground_idle_root_rss,context,KiB,herdr,34872.0,34764.0,34900.0,34764.0,34872.0,34900.0,34764.0,34872.0,34900.0
foreground_idle_root_rss,context,KiB,tmux,12944.0,12812.0,13056.0,12812.0,12944.0,13056.0,12812.0,12944.0,13056.0
isolated_state_size,context,bytes,uniterm,1783436.0,1783436.0,1783961.0,1783436.0,1783436.0,1783961.0,1783436.0,1783436.0,1783961.0
isolated_state_size,context,bytes,herdr,4810.0,4810.0,4945.0,4945.0,4810.0,4810.0,4945.0,4810.0,4810.0
isolated_state_size,context,bytes,tmux,0.0,0.0,0.0,0.0,0.0,0.0,0.0,0.0,0.0
live_suite_shutdown,context,ms,uniterm,45.177158,43.053415,46.113815,45.177158,43.053415,46.113815,45.177158,43.053415,46.113815
live_suite_shutdown,context,ms,herdr,79.142701,79.100685,79.21399799999999,79.100685,79.21399799999999,79.142701,79.100685,79.21399799999999,79.142701
live_suite_shutdown,context,ms,tmux,27.085749999999997,26.831431,28.514484,28.514484,26.831431,27.085749999999997,28.514484,26.831431,27.085749999999997
multiclient_3_idle_cohort_cpu,context,% core,uniterm,0.0,0.0,0.0,0.0,0.0,0.0,0.0,0.0,0.0
multiclient_3_idle_cohort_cpu,context,% core,herdr,0.7199429150999115,0.716610360357218,0.7299695516195583,0.7199429150999115,0.7299695516195583,0.716610360357218,0.7199429150999115,0.7299695516195583,0.716610360357218
multiclient_3_idle_cohort_cpu,context,% core,tmux,0.003333104838552925,0.003333083774785238,0.0066666336130527725,0.003333104838552925,0.0066666336130527725,0.003333083774785238,0.003333104838552925,0.0066666336130527725,0.003333083774785238
multiclient_3_idle_cohort_rss,context,KiB,uniterm,25124.0,24956.0,25152.0,24956.0,25152.0,25124.0,24956.0,25152.0,25124.0
multiclient_3_idle_cohort_rss,context,KiB,herdr,67076.0,66808.0,67172.0,66808.0,67076.0,67172.0,66808.0,67076.0,67172.0
multiclient_3_idle_cohort_rss,context,KiB,tmux,30328.0,30288.0,30392.0,30288.0,30328.0,30392.0,30288.0,30328.0,30392.0
multiclient_3_idle_root_cpu,context,% core,uniterm,0.0,0.0,0.0,0.0,0.0,0.0,0.0,0.0,0.0
multiclient_3_idle_root_cpu,context,% core,herdr,0.7199429150999113,0.7166103603572178,0.7299695516195581,0.7199429150999113,0.7299695516195581,0.7166103603572178,0.7199429150999113,0.7299695516195581,0.7166103603572178
multiclient_3_idle_root_cpu,context,% core,tmux,0.003333104838552925,0.003333083774785238,0.0066666336130527725,0.003333104838552925,0.0066666336130527725,0.003333083774785238,0.003333104838552925,0.0066666336130527725,0.003333083774785238
multiclient_3_idle_root_rss,context,KiB,uniterm,20680.0,20512.0,20704.0,20512.0,20704.0,20680.0,20512.0,20704.0,20680.0
multiclient_3_idle_root_rss,context,KiB,herdr,62664.0,62384.0,62724.0,62384.0,62664.0,62724.0,62384.0,62664.0,62724.0
multiclient_3_idle_root_rss,context,KiB,tmux,25896.0,25868.0,25916.0,25868.0,25916.0,25896.0,25868.0,25916.0,25896.0
multiclient_3_input_to_visible,context,ms,uniterm,2.082182,2.0811155,2.0862945,2.0811155,2.0862945,2.082182,4.145174450000001,2.1285749,2.09311425
multiclient_3_input_to_visible,context,ms,herdr,12.544652,12.433694,14.4599405,12.544652,14.4599405,12.433694,14.910296749999995,14.623442349999994,14.812854549999994
multiclient_3_input_to_visible,context,ms,tmux,2.0945245,2.087901,2.1905015,2.1905015,2.087901,2.0945245,2.33056465,2.1248020999999997,2.3239066999999998
multipane_16_idle_cohort_cpu,context,% core,uniterm,0.0,0.0,0.0,0.0,0.0,0.0,0.0,0.0,0.0
multipane_16_idle_cohort_cpu,context,% core,herdr,0.9932522555091607,0.9799228605769403,1.0032562114866859,0.9799228605769403,0.9932522555091607,1.0032562114866859,0.9799228605769403,0.9932522555091607,1.0032562114866859
multipane_16_idle_cohort_cpu,context,% core,tmux,0.003333083097453479,0.003333080787579704,0.006666187595628834,0.006666187595628834,0.003333080787579704,0.003333083097453479,0.006666187595628834,0.003333080787579704,0.003333083097453479
multipane_16_idle_cohort_rss,context,KiB,uniterm,84440.0,84192.0,84680.0,84680.0,84192.0,84440.0,84680.0,84192.0,84440.0
multipane_16_idle_cohort_rss,context,KiB,herdr,110904.0,110724.0,111140.0,110904.0,111140.0,110724.0,110908.0,111140.0,110728.0
multipane_16_idle_cohort_rss,context,KiB,tmux,83444.0,83284.0,83488.0,83444.0,83284.0,83488.0,83444.0,83284.0,83488.0
multipane_16_idle_root_cpu,context,% core,uniterm,0.0,0.0,0.0,0.0,0.0,0.0,0.0,0.0,0.0
multipane_16_idle_root_cpu,context,% core,herdr,0.9932522555091607,0.9799228605769403,1.0032562114866859,0.9799228605769403,0.9932522555091607,1.0032562114866859,0.9799228605769403,0.9932522555091607,1.0032562114866859
multipane_16_idle_root_cpu,context,% core,tmux,0.003333083097453479,0.003333080787579704,0.006666187595628834,0.006666187595628834,0.003333080787579704,0.003333083097453479,0.006666187595628834,0.003333080787579704,0.003333083097453479
multipane_16_idle_root_rss,context,KiB,uniterm,14108.0,14048.0,14120.0,14120.0,14048.0,14108.0,14120.0,14048.0,14108.0
multipane_16_idle_root_rss,context,KiB,herdr,40444.0,40244.0,40472.0,40472.0,40444.0,40244.0,40476.0,40444.0,40248.0
multipane_16_idle_root_rss,context,KiB,tmux,12956.0,12876.0,12972.0,12876.0,12956.0,12972.0,12876.0,12956.0,12972.0
multipane_process_count,context,processes,uniterm,18.0,18.0,18.0,18.0,18.0,18.0,18.0,18.0,18.0
multipane_process_count,context,processes,herdr,18.0,18.0,18.0,18.0,18.0,18.0,18.0,18.0,18.0
multipane_process_count,context,processes,tmux,18.0,18.0,18.0,18.0,18.0,18.0,18.0,18.0,18.0
multipane_suite_shutdown,context,ms,uniterm,44.694157999999995,44.163427,46.153091,44.163427,46.153091,44.694157999999995,44.163427,46.153091,44.694157999999995
multipane_suite_shutdown,context,ms,herdr,79.725613,79.649181,79.999954,79.999954,79.649181,79.725613,79.999954,79.649181,79.725613
multipane_suite_shutdown,context,ms,tmux,24.552132,24.034472,24.572085,24.034472,24.552132,24.572085,24.034472,24.552132,24.572085
pane_close_recovery,context,%,uniterm,96.12570960379236,96.04391774137329,96.29088785046729,96.04391774137329,96.12570960379236,96.29088785046729,96.04391774137329,96.12570960379236,96.29088785046729
pane_close_recovery,context,%,herdr,93.89538058316043,93.31976008364057,94.01040240897892,93.31976008364057,93.89538058316043,94.01040240897892,93.31976008364057,93.89538058316043,94.01040240897892
pane_close_recovery,context,%,tmux,99.86128701525843,99.86107755496498,99.86658580958157,99.86128701525843,99.86658580958157,99.86107755496498,99.86128701525843,99.86658580958157,99.86107755496498
pane_close_rss,context,KiB,uniterm,18500.0,18492.0,18548.0,18548.0,18492.0,18500.0,18548.0,18492.0,18620.0
pane_close_rss,context,KiB,herdr,42356.0,42040.0,43068.0,43068.0,42356.0,42040.0,43068.0,42356.0,42040.0
pane_close_rss,context,KiB,tmux,17356.0,17212.0,17412.0,17212.0,17412.0,17356.0,17212.0,17412.0,17356.0
pane_memory_slope,context,KiB/pane,uniterm,4550.858823529412,4547.7,4578.9,4578.9,4547.7,4550.858823529412,4578.9,4547.7,4550.858823529412
pane_memory_slope,context,KiB/pane,herdr,4823.658823529412,4799.2588235294115,4828.070588235294,4799.2588235294115,4828.070588235294,4823.658823529412,4799.2588235294115,4828.070588235294,4823.658823529412
pane_memory_slope,context,KiB/pane,tmux,4398.717647058824,4397.947058823529,4417.4,4417.4,4397.947058823529,4398.717647058824,4417.4,4397.947058823529,4398.717647058824
resize_storm_cpu,context,ms CPU,uniterm,59.99999999999961,50.00000000000071,59.99999999999961,50.00000000000071,59.99999999999961,59.99999999999961,50.00000000000071,59.99999999999961,59.99999999999961
resize_storm_cpu,context,ms CPU,herdr,90.00000000000163,89.99999999999986,99.99999999999964,90.00000000000163,99.99999999999964,89.99999999999986,90.00000000000163,99.99999999999964,89.99999999999986
resize_storm_cpu,context,ms CPU,tmux,9.999999999999787,0.0,20.000000000000462,0.0,20.000000000000462,9.999999999999787,0.0,20.000000000000462,9.999999999999787
resize_storm_rss,context,KiB,uniterm,43116.0,42992.0,43196.0,43116.0,42992.0,43196.0,43116.0,42992.0,43196.0
resize_storm_rss,context,KiB,herdr,50120.0,48660.0,50196.0,50120.0,48660.0,50196.0,50120.0,48660.0,50196.0
resize_storm_rss,context,KiB,tmux,18388.0,18336.0,18576.0,18336.0,18388.0,18576.0,18336.0,18388.0,18576.0
resize_storm_settle,context,ms,uniterm,22.024663999999998,13.548053,22.807976,22.024663999999998,13.548053,22.807976,22.024663999999998,13.548053,22.807976
resize_storm_settle,context,ms,herdr,269.936405,265.928287,275.697898,275.697898,265.928287,269.936405,275.697898,265.928287,269.936405
resize_storm_settle,context,ms,tmux,207.047127,206.938518,209.265272,206.938518,209.265272,207.047127,206.938518,209.265272,207.047127
restart_ready,context,ms,uniterm,9.371785000000001,8.829201999999999,9.473946,9.371785000000001,9.473946,8.829201999999999,9.371785000000001,9.473946,8.829201999999999
restart_ready,context,ms,herdr,53.127845,52.474106,53.882211,53.127845,53.882211,52.474106,53.127845,53.882211,52.474106
restart_ready,context,ms,tmux,16.389137,16.098426,16.717964,16.098426,16.717964,16.389137,16.098426,16.717964,16.389137
server_shutdown,context,ms,uniterm,45.052211,44.040191500000006,47.550992,47.550992,45.052211,44.040191500000006,50.371402599999996,47.3392175,48.560130699999995
server_shutdown,context,ms,herdr,305.419077,305.2906425,305.498108,305.2906425,305.419077,305.498108,346.41537695000005,343.2737966,346.15461875
server_shutdown,context,ms,tmux,25.5004535,25.492253499999997,27.409931,27.409931,25.492253499999997,25.5004535,30.403448200000003,27.938940699999996,26.713698400000002
terminal_output_ingest_rate,context,MiB/s,uniterm,8.746544646479308,8.618301905393796,8.790059986299603,8.746544646479308,8.618301905393796,8.790059986299603,8.935154763407603,8.755186612468465,9.003612648380765
terminal_output_ingest_rate,context,MiB/s,herdr,9.212969857331279,9.184828744776082,9.238362636762968,9.212969857331279,9.238362636762968,9.184828744776082,9.317912876048247,9.701148555328455,9.636959168015673
terminal_output_ingest_rate,context,MiB/s,tmux,8.780348358205998,8.67504899422284,8.969740046110154,8.780348358205998,8.969740046110154,8.67504899422284,8.975445729482647,9.183136183847804,8.9267736839844
